TARGET_CLASS,configuration_id,criterion,ctg_min_time_per_job,ctg_schedule,search_budget,p_object_pool,ctg_time_per_class,Size,Length,Statements_Executed,Total_Time,Random_Seed,Explicit_MethodExceptions,Explicit_TypeExceptions,Implicit_MethodExceptions,Implicit_TypeExceptions,LineCoverage,StatementCoverage,BranchCoverage,OnlyBranchCoverage,CBranchCoverage,IBranchCoverage,ExceptionCoverage,WeakMutationScore,OnlyMutationScore,MutationScore,OutputCoverage,InputCoverage,MethodCoverage,MethodTraceCoverage,MethodNoExceptionCoverage,LineCoverageBitString,StatementCoverageBitString,BranchCoverageBitString,OnlyBranchCoverageBitString,CBranchCoverageBitString,IBranchCoverageBitString,ExceptionCoverageBitString,WeakMutationCoverageBitString,OnlyMutationCoverageBitString,MutationCoverageBitString,OutputCoverageBitString,InputCoverageBitString,MethodCoverageBitString,MethodTraceCoverageBitString,MethodNoExceptionCoverageBitString
aps.HexToOct,default,LINE;BRANCH;EXCEPTION;WEAKMUTATION;OUTPUT;METHOD;METHODNOEXCEPTION;CBRANCH,1,BUDGET,46,0.3,2,10,13,35939,68829,1530553041322,0,0,2,2,1.0,1.0,1.0,1.0,1.0,0.9,1.0,0.9932885906040269,0.9932885906040269,0.9060402684563759,1.0,0.0,1.0,1.0,1.0,111111111111111111111111,11111111111111111111111111111111111111111111111111111111111111111111111111111111111111111111111,111111,1111,111111,1111110111,11,11111111110111111111111111111111111111111111111111111111111111111111111111111111111111111111111111111111111111111111111111111111111111111111111111111,11111111110111111111111111111111111111111111111111111111111111111111111111111111111111111111111111111111111111111111111111111111111111111111111111111,11100101000101001011111111111111101011111111111110101011101111101111111111111111111111111111111111101101111100011100110111110101111111111111000000000,111111,0000000,1111,1111,1111
